0;1;edges-cluster_0.jpg;;;;;4
1;2;edges-cluster_1.jpg;;;;;4
20;3;edges-cluster_20.jpg;;;;;4
48;4;edges-cluster_48.jpg;;;;;4
51;5;edges-cluster_51.jpg;;;;;4
54;6;edges-cluster_54.jpg;;;;;4
58;7;edges-cluster_58.jpg;;;;;4
63;8;edges-cluster_63.jpg;;;;;4
77;9;edges-cluster_77.jpg;;;;;4
85;10;edges-cluster_85.jpg;;;;;4
98;11;edges-cluster_98.jpg;;;;;4
107;12;edges-cluster_107.jpg;;;;;4
109;13;edges-cluster_109.jpg;;;;;4
110;14;edges-cluster_110.jpg;;;;;4
184;15;edges-cluster_184.jpg;;;;;4
190;16;edges-cluster_190.jpg;;;;;4
211;17;edges-cluster_211.jpg;;;;;4
240;18;edges-cluster_240.jpg;;;;;4
252;19;edges-cluster_252.jpg;;;;;4
281;20;edges-cluster_281.jpg;;;;;4
288;21;edges-cluster_288.jpg;;;;;4
298;22;edges-cluster_298.jpg;;;;;4
311;23;edges-cluster_311.jpg;;;;;4
313;24;edges-cluster_313.jpg;;;;;4
315;25;edges-cluster_315.jpg;;;;;4
316;26;edges-cluster_316.jpg;;;;;4
326;27;edges-cluster_326.jpg;;;;;4
346;28;edges-cluster_346.jpg;;;;;4
367;29;edges-cluster_367.jpg;;;;;4
381;30;edges-cluster_381.jpg;;;;;4
388;31;edges-cluster_388.jpg;;;;;4
392;32;edges-cluster_392.jpg;;;;;4
405;33;edges-cluster_405.jpg;;;;;4
418;34;edges-cluster_418.jpg;;;;;4
425;35;edges-cluster_425.jpg;;;;;4
451;36;edges-cluster_451.jpg;;;;;4
464;37;edges-cluster_464.jpg;;;;;4
473;38;edges-cluster_473.jpg;;;;;4
474;39;edges-cluster_474.jpg;;;;;4
478;40;edges-cluster_478.jpg;;;;;4
494;41;edges-cluster_494.jpg;;;;;4
517;42;edges-cluster_517.jpg;;;;;4
524;43;edges-cluster_524.jpg;;;;;4
533;44;edges-cluster_533.jpg;;;;;4
543;45;edges-cluster_543.jpg;;;;;4
552;46;edges-cluster_552.jpg;;;;;4
556;47;edges-cluster_556.jpg;;;;;4
558;48;edges-cluster_558.jpg;;;;;4
567;49;edges-cluster_567.jpg;;;;;4
577;50;edges-cluster_577.jpg;;;;;4
588;51;edges-cluster_588.jpg;;;;;4
592;52;edges-cluster_592.jpg;;;;;4
642;53;edges-cluster_642.jpg;;;;;4
663;54;edges-cluster_663.jpg;;;;;4
671;55;edges-cluster_671.jpg;;;;;4
676;56;edges-cluster_676.jpg;;;;;4
682;57;edges-cluster_682.jpg;;;;;4
717;58;edges-cluster_717.jpg;;;;;4
721;59;edges-cluster_721.jpg;;;;;4
733;60;edges-cluster_733.jpg;;;;;4
742;61;edges-cluster_742.jpg;;;;;4
760;62;edges-cluster_760.jpg;;;;;4
776;63;edges-cluster_776.jpg;;;;;4
778;64;edges-cluster_778.jpg;;;;;4
793;65;edges-cluster_793.jpg;;;;;4
800;66;edges-cluster_800.jpg;;;;;4
814;67;edges-cluster_814.jpg;;;;;4
825;68;edges-cluster_825.jpg;;;;;4
835;69;edges-cluster_835.jpg;;;;;4
838;70;edges-cluster_838.jpg;;;;;4
843;71;edges-cluster_843.jpg;;;;;4
846;72;edges-cluster_846.jpg;;;;;4
860;73;edges-cluster_860.jpg;;;;;4
880;74;edges-cluster_880.jpg;;;;;4
905;75;edges-cluster_905.jpg;;;;;4
906;76;edges-cluster_906.jpg;;;;;4
909;77;edges-cluster_909.jpg;;;;;4
918;78;edges-cluster_918.jpg;;;;;4
928;79;edges-cluster_928.jpg;;;;;4
976;80;edges-cluster_976.jpg;;;;;4
1002;81;edges-cluster_1002.jpg;;;;;4
1009;82;edges-cluster_1009.jpg;;;;;4
1030;83;edges-cluster_1030.jpg;;;;;4
1065;84;edges-cluster_1065.jpg;;;;;4
1068;85;edges-cluster_1068.jpg;;;;;4
1069;86;edges-cluster_1069.jpg;;;;;4
1073;87;edges-cluster_1073.jpg;;;;;4
1086;88;edges-cluster_1086.jpg;;;;;4
1091;89;edges-cluster_1091.jpg;;;;;4
1093;90;edges-cluster_1093.jpg;;;;;4
1121;91;edges-cluster_1121.jpg;;;;;4
1124;92;edges-cluster_1124.jpg;;;;;4
1127;93;edges-cluster_1127.jpg;;;;;4
1130;94;edges-cluster_1130.jpg;;;;;4
1138;95;edges-cluster_1138.jpg;;;;;4
1150;96;edges-cluster_1150.jpg;;;;;4
1152;97;edges-cluster_1152.jpg;;;;;4
1153;98;edges-cluster_1153.jpg;;;;;4
1178;99;edges-cluster_1178.jpg;;;;;4
1180;100;edges-cluster_1180.jpg;;;;;4
1200;101;edges-cluster_1200.jpg;;;;;4
1209;102;edges-cluster_1209.jpg;;;;;4
1211;103;edges-cluster_1211.jpg;;;;;4
1223;104;edges-cluster_1223.jpg;;;;;4
1235;105;edges-cluster_1235.jpg;;;;;4
1249;106;edges-cluster_1249.jpg;;;;;4
1282;107;edges-cluster_1282.jpg;;;;;4
1292;108;edges-cluster_1292.jpg;;;;;4
1298;109;edges-cluster_1298.jpg;;;;;4
1314;110;edges-cluster_1314.jpg;;;;;4
1326;111;edges-cluster_1326.jpg;;;;;4
1337;112;edges-cluster_1337.jpg;;;;;4
1340;113;edges-cluster_1340.jpg;;;;;4
1343;114;edges-cluster_1343.jpg;;;;;4
1348;115;edges-cluster_1348.jpg;;;;;4
1362;116;edges-cluster_1362.jpg;;;;;4
1368;117;edges-cluster_1368.jpg;;;;;4
1369;118;edges-cluster_1369.jpg;;;;;4
1376;119;edges-cluster_1376.jpg;;;;;4
1406;120;edges-cluster_1406.jpg;;;;;4
1434;121;edges-cluster_1434.jpg;;;;;4
1437;122;edges-cluster_1437.jpg;;;;;4
1452;123;edges-cluster_1452.jpg;;;;;4
1470;124;edges-cluster_1470.jpg;;;;;4
1479;125;edges-cluster_1479.jpg;;;;;4
1491;126;edges-cluster_1491.jpg;;;;;4
1494;127;edges-cluster_1494.jpg;;;;;4
1504;128;edges-cluster_1504.jpg;;;;;4
1511;129;edges-cluster_1511.jpg;;;;;4
1515;130;edges-cluster_1515.jpg;;;;;4
1517;131;edges-cluster_1517.jpg;;;;;4
1518;132;edges-cluster_1518.jpg;;;;;4
1519;133;edges-cluster_1519.jpg;;;;;4
1521;134;edges-cluster_1521.jpg;;;;;4
1525;135;edges-cluster_1525.jpg;;;;;4
1533;136;edges-cluster_1533.jpg;;;;;4
1614;137;edges-cluster_1614.jpg;;;;;4
1629;138;edges-cluster_1629.jpg;;;;;4
1670;139;edges-cluster_1670.jpg;;;;;4
1680;140;edges-cluster_1680.jpg;;;;;4
1714;141;edges-cluster_1714.jpg;;;;;4
1727;142;edges-cluster_1727.jpg;;;;;4
1733;143;edges-cluster_1733.jpg;;;;;4
1740;144;edges-cluster_1740.jpg;;;;;4
1788;145;edges-cluster_1788.jpg;;;;;4
1792;146;edges-cluster_1792.jpg;;;;;4
1794;147;edges-cluster_1794.jpg;;;;;4
1806;148;edges-cluster_1806.jpg;;;;;4
1808;149;edges-cluster_1808.jpg;;;;;4
1811;150;edges-cluster_1811.jpg;;;;;4
1818;151;edges-cluster_1818.jpg;;;;;4
1831;152;edges-cluster_1831.jpg;;;;;4
1836;153;edges-cluster_1836.jpg;;;;;4
1837;154;edges-cluster_1837.jpg;;;;;4
1844;155;edges-cluster_1844.jpg;;;;;4
1860;156;edges-cluster_1860.jpg;;;;;4
1881;157;edges-cluster_1881.jpg;;;;;4
1891;158;edges-cluster_1891.jpg;;;;;4
1904;159;edges-cluster_1904.jpg;;;;;4
1907;160;edges-cluster_1907.jpg;;;;;4
1910;161;edges-cluster_1910.jpg;;;;;4
1916;162;edges-cluster_1916.jpg;;;;;4
1917;163;edges-cluster_1917.jpg;;;;;4
1968;164;edges-cluster_1968.jpg;;;;;4
1969;165;edges-cluster_1969.jpg;;;;;4
1985;166;edges-cluster_1985.jpg;;;;;4
1986;167;edges-cluster_1986.jpg;;;;;4
1996;168;edges-cluster_1996.jpg;;;;;4
2028;169;edges-cluster_2028.jpg;;;;;4
2036;170;edges-cluster_2036.jpg;;;;;4
2039;171;edges-cluster_2039.jpg;;;;;4
2045;172;edges-cluster_2045.jpg;;;;;4
2054;173;edges-cluster_2054.jpg;;;;;4
2067;174;edges-cluster_2067.jpg;;;;;4
2088;175;edges-cluster_2088.jpg;;;;;4
2123;176;edges-cluster_2123.jpg;;;;;4
2125;177;edges-cluster_2125.jpg;;;;;4
2130;178;edges-cluster_2130.jpg;;;;;4
2137;179;edges-cluster_2137.jpg;;;;;4
2146;180;edges-cluster_2146.jpg;;;;;4
2161;181;edges-cluster_2161.jpg;;;;;4
2177;182;edges-cluster_2177.jpg;;;;;4
2192;183;edges-cluster_2192.jpg;;;;;4
2196;184;edges-cluster_2196.jpg;;;;;4
2204;185;edges-cluster_2204.jpg;;;;;4
2209;186;edges-cluster_2209.jpg;;;;;4
2210;187;edges-cluster_2210.jpg;;;;;4
2215;188;edges-cluster_2215.jpg;;;;;4
2236;189;edges-cluster_2236.jpg;;;;;4
2242;190;edges-cluster_2242.jpg;;;;;4
2262;191;edges-cluster_2262.jpg;;;;;4
2279;192;edges-cluster_2279.jpg;;;;;4
2289;193;edges-cluster_2289.jpg;;;;;4
2295;194;edges-cluster_2295.jpg;;;;;4
2301;195;edges-cluster_2301.jpg;;;;;4
2310;196;edges-cluster_2310.jpg;;;;;4
2315;197;edges-cluster_2315.jpg;;;;;4
2320;198;edges-cluster_2320.jpg;;;;;4
2341;199;edges-cluster_2341.jpg;;;;;4
2360;200;edges-cluster_2360.jpg;;;;;4
2362;201;edges-cluster_2362.jpg;;;;;4
2370;202;edges-cluster_2370.jpg;;;;;4
2379;203;edges-cluster_2379.jpg;;;;;4
2393;204;edges-cluster_2393.jpg;;;;;4
2408;205;edges-cluster_2408.jpg;;;;;4
2415;206;edges-cluster_2415.jpg;;;;;4
2418;207;edges-cluster_2418.jpg;;;;;4
2419;208;edges-cluster_2419.jpg;;;;;4
2423;209;edges-cluster_2423.jpg;;;;;4
2424;210;edges-cluster_2424.jpg;;;;;4
2436;211;edges-cluster_2436.jpg;;;;;4
2443;212;edges-cluster_2443.jpg;;;;;4
2448;213;edges-cluster_2448.jpg;;;;;4
2483;214;edges-cluster_2483.jpg;;;;;4
2513;215;edges-cluster_2513.jpg;;;;;4
2519;216;edges-cluster_2519.jpg;;;;;4
2535;217;edges-cluster_2535.jpg;;;;;4
2557;218;edges-cluster_2557.jpg;;;;;4
2663;219;edges-cluster_2663.jpg;;;;;4
2666;220;edges-cluster_2666.jpg;;;;;4
2683;221;edges-cluster_2683.jpg;;;;;4
2688;222;edges-cluster_2688.jpg;;;;;4
2736;223;edges-cluster_2736.jpg;;;;;4
2745;224;edges-cluster_2745.jpg;;;;;4
2748;225;edges-cluster_2748.jpg;;;;;4
2754;226;edges-cluster_2754.jpg;;;;;4
2763;227;edges-cluster_2763.jpg;;;;;4
2764;228;edges-cluster_2764.jpg;;;;;4
2766;229;edges-cluster_2766.jpg;;;;;4
2791;230;edges-cluster_2791.jpg;;;;;4
2806;231;edges-cluster_2806.jpg;;;;;4
2856;232;edges-cluster_2856.jpg;;;;;4
2857;233;edges-cluster_2857.jpg;;;;;4
2863;234;edges-cluster_2863.jpg;;;;;4
2907;235;edges-cluster_2907.jpg;;;;;4
2924;236;edges-cluster_2924.jpg;;;;;4
2938;237;edges-cluster_2938.jpg;;;;;4
2995;238;edges-cluster_2995.jpg;;;;;4
3009;239;edges-cluster_3009.jpg;;;;;4
3016;240;edges-cluster_3016.jpg;;;;;4
3038;241;edges-cluster_3038.jpg;;;;;4
3072;242;edges-cluster_3072.jpg;;;;;4
3082;243;edges-cluster_3082.jpg;;;;;4
3113;244;edges-cluster_3113.jpg;;;;;4
3117;245;edges-cluster_3117.jpg;;;;;4
3118;246;edges-cluster_3118.jpg;;;;;4
3120;247;edges-cluster_3120.jpg;;;;;4
3132;248;edges-cluster_3132.jpg;;;;;4
3136;249;edges-cluster_3136.jpg;;;;;4
3138;250;edges-cluster_3138.jpg;;;;;4
3139;251;edges-cluster_3139.jpg;;;;;4
3155;252;edges-cluster_3155.jpg;;;;;4
3156;253;edges-cluster_3156.jpg;;;;;4
3171;254;edges-cluster_3171.jpg;;;;;4
3172;255;edges-cluster_3172.jpg;;;;;4
3181;256;edges-cluster_3181.jpg;;;;;4
3183;257;edges-cluster_3183.jpg;;;;;4
3211;258;edges-cluster_3211.jpg;;;;;4
3216;259;edges-cluster_3216.jpg;;;;;4
3217;260;edges-cluster_3217.jpg;;;;;4
3219;261;edges-cluster_3219.jpg;;;;;4
3220;262;edges-cluster_3220.jpg;;;;;4
3259;263;edges-cluster_3259.jpg;;;;;4
3288;264;edges-cluster_3288.jpg;;;;;4
3298;265;edges-cluster_3298.jpg;;;;;4
3304;266;edges-cluster_3304.jpg;;;;;4
3389;267;edges-cluster_3389.jpg;;;;;4
3392;268;edges-cluster_3392.jpg;;;;;4
3395;269;edges-cluster_3395.jpg;;;;;4
3401;270;edges-cluster_3401.jpg;;;;;4
3404;271;edges-cluster_3404.jpg;;;;;4
3434;272;edges-cluster_3434.jpg;;;;;4
3441;273;edges-cluster_3441.jpg;;;;;4
3451;274;edges-cluster_3451.jpg;;;;;4
3474;275;edges-cluster_3474.jpg;;;;;4
3500;276;edges-cluster_3500.jpg;;;;;4
3502;277;edges-cluster_3502.jpg;;;;;4
3518;278;edges-cluster_3518.jpg;;;;;4
3564;279;edges-cluster_3564.jpg;;;;;4
3567;280;edges-cluster_3567.jpg;;;;;4
3594;281;edges-cluster_3594.jpg;;;;;4
3595;282;edges-cluster_3595.jpg;;;;;4
3599;283;edges-cluster_3599.jpg;;;;;4
3619;284;edges-cluster_3619.jpg;;;;;4
3625;285;edges-cluster_3625.jpg;;;;;4
3643;286;edges-cluster_3643.jpg;;;;;4
3645;287;edges-cluster_3645.jpg;;;;;4
3647;288;edges-cluster_3647.jpg;;;;;4
3655;289;edges-cluster_3655.jpg;;;;;4
3662;290;edges-cluster_3662.jpg;;;;;4
3688;291;edges-cluster_3688.jpg;;;;;4
3693;292;edges-cluster_3693.jpg;;;;;4
3696;293;edges-cluster_3696.jpg;;;;;4
3723;294;edges-cluster_3723.jpg;;;;;4
3725;295;edges-cluster_3725.jpg;;;;;4
3727;296;edges-cluster_3727.jpg;;;;;4
3734;297;edges-cluster_3734.jpg;;;;;4
3739;298;edges-cluster_3739.jpg;;;;;4
3747;299;edges-cluster_3747.jpg;;;;;4
3766;300;edges-cluster_3766.jpg;;;;;4
3783;301;edges-cluster_3783.jpg;;;;;4
3789;302;edges-cluster_3789.jpg;;;;;4
3795;303;edges-cluster_3795.jpg;;;;;4
3796;304;edges-cluster_3796.jpg;;;;;4
3802;305;edges-cluster_3802.jpg;;;;;4
3803;306;edges-cluster_3803.jpg;;;;;4
3819;307;edges-cluster_3819.jpg;;;;;4
3823;308;edges-cluster_3823.jpg;;;;;4
3829;309;edges-cluster_3829.jpg;;;;;4
3834;310;edges-cluster_3834.jpg;;;;;4
3835;311;edges-cluster_3835.jpg;;;;;4
3868;312;edges-cluster_3868.jpg;;;;;4
3891;313;edges-cluster_3891.jpg;;;;;4
3917;314;edges-cluster_3917.jpg;;;;;4
3937;315;edges-cluster_3937.jpg;;;;;4
3941;316;edges-cluster_3941.jpg;;;;;4
3979;317;edges-cluster_3979.jpg;;;;;4
4018;318;edges-cluster_4018.jpg;;;;;4
4029;319;edges-cluster_4029.jpg;;;;;4
4036;320;edges-cluster_4036.jpg;;;;;4
4044;321;edges-cluster_4044.jpg;;;;;4
4052;322;edges-cluster_4052.jpg;;;;;4
4053;323;edges-cluster_4053.jpg;;;;;4
4059;324;edges-cluster_4059.jpg;;;;;4
4083;325;edges-cluster_4083.jpg;;;;;4
4093;326;edges-cluster_4093.jpg;;;;;4
4099;327;edges-cluster_4099.jpg;;;;;4
4110;328;edges-cluster_4110.jpg;;;;;4
4129;329;edges-cluster_4129.jpg;;;;;4
4130;330;edges-cluster_4130.jpg;;;;;4
4133;331;edges-cluster_4133.jpg;;;;;4
4163;332;edges-cluster_4163.jpg;;;;;4
4170;333;edges-cluster_4170.jpg;;;;;4
4198;334;edges-cluster_4198.jpg;;;;;4
4215;335;edges-cluster_4215.jpg;;;;;4
4217;336;edges-cluster_4217.jpg;;;;;4
4234;337;edges-cluster_4234.jpg;;;;;4
4236;338;edges-cluster_4236.jpg;;;;;4
4249;339;edges-cluster_4249.jpg;;;;;4
4268;340;edges-cluster_4268.jpg;;;;;4
4280;341;edges-cluster_4280.jpg;;;;;4
4282;342;edges-cluster_4282.jpg;;;;;4
4291;343;edges-cluster_4291.jpg;;;;;4
4292;344;edges-cluster_4292.jpg;;;;;4
4296;345;edges-cluster_4296.jpg;;;;;4
4307;346;edges-cluster_4307.jpg;;;;;4
4312;347;edges-cluster_4312.jpg;;;;;4
4323;348;edges-cluster_4323.jpg;;;;;4
4328;349;edges-cluster_4328.jpg;;;;;4
4364;350;edges-cluster_4364.jpg;;;;;4
4392;351;edges-cluster_4392.jpg;;;;;4
4401;352;edges-cluster_4401.jpg;;;;;4
4409;353;edges-cluster_4409.jpg;;;;;4
4410;354;edges-cluster_4410.jpg;;;;;4
4415;355;edges-cluster_4415.jpg;;;;;4
4442;356;edges-cluster_4442.jpg;;;;;4
4449;357;edges-cluster_4449.jpg;;;;;4
4466;358;edges-cluster_4466.jpg;;;;;4
4477;359;edges-cluster_4477.jpg;;;;;4
4478;360;edges-cluster_4478.jpg;;;;;4
4483;361;edges-cluster_4483.jpg;;;;;4
4491;362;edges-cluster_4491.jpg;;;;;4
4495;363;edges-cluster_4495.jpg;;;;;4
4499;364;edges-cluster_4499.jpg;;;;;4
4526;365;edges-cluster_4526.jpg;;;;;4
4541;366;edges-cluster_4541.jpg;;;;;4
4544;367;edges-cluster_4544.jpg;;;;;4
4594;368;edges-cluster_4594.jpg;;;;;4
4664;369;edges-cluster_4664.jpg;;;;;4
4667;370;edges-cluster_4667.jpg;;;;;4
4700;371;edges-cluster_4700.jpg;;;;;4
4710;372;edges-cluster_4710.jpg;;;;;4
4733;373;edges-cluster_4733.jpg;;;;;4
4754;374;edges-cluster_4754.jpg;;;;;4
4766;375;edges-cluster_4766.jpg;;;;;4
4782;376;edges-cluster_4782.jpg;;;;;4
4783;377;edges-cluster_4783.jpg;;;;;4
4784;378;edges-cluster_4784.jpg;;;;;4
4835;379;edges-cluster_4835.jpg;;;;;4
4855;380;edges-cluster_4855.jpg;;;;;4
4856;381;edges-cluster_4856.jpg;;;;;4
4857;382;edges-cluster_4857.jpg;;;;;4
4860;383;edges-cluster_4860.jpg;;;;;4
4865;384;edges-cluster_4865.jpg;;;;;4
4871;385;edges-cluster_4871.jpg;;;;;4
4879;386;edges-cluster_4879.jpg;;;;;4
4884;387;edges-cluster_4884.jpg;;;;;4
4896;388;edges-cluster_4896.jpg;;;;;4
4903;389;edges-cluster_4903.jpg;;;;;4
4904;390;edges-cluster_4904.jpg;;;;;4
4921;391;edges-cluster_4921.jpg;;;;;4
4924;392;edges-cluster_4924.jpg;;;;;4
4937;393;edges-cluster_4937.jpg;;;;;4
4938;394;edges-cluster_4938.jpg;;;;;4
4944;395;edges-cluster_4944.jpg;;;;;4
4979;396;edges-cluster_4979.jpg;;;;;4
4987;397;edges-cluster_4987.jpg;;;;;4
5005;398;edges-cluster_5005.jpg;;;;;4
5010;399;edges-cluster_5010.jpg;;;;;4
5019;400;edges-cluster_5019.jpg;;;;;4
5083;401;edges-cluster_5083.jpg;;;;;4
5142;402;edges-cluster_5142.jpg;;;;;4
5144;403;edges-cluster_5144.jpg;;;;;4
5161;404;edges-cluster_5161.jpg;;;;;4
5163;405;edges-cluster_5163.jpg;;;;;4
5167;406;edges-cluster_5167.jpg;;;;;4
5174;407;edges-cluster_5174.jpg;;;;;4
5178;408;edges-cluster_5178.jpg;;;;;4
5184;409;edges-cluster_5184.jpg;;;;;4
5186;410;edges-cluster_5186.jpg;;;;;4
5198;411;edges-cluster_5198.jpg;;;;;4
5205;412;edges-cluster_5205.jpg;;;;;4
5208;413;edges-cluster_5208.jpg;;;;;4
5219;414;edges-cluster_5219.jpg;;;;;4
5222;415;edges-cluster_5222.jpg;;;;;4
5233;416;edges-cluster_5233.jpg;;;;;4
5235;417;edges-cluster_5235.jpg;;;;;4
5240;418;edges-cluster_5240.jpg;;;;;4
5241;419;edges-cluster_5241.jpg;;;;;4
5284;420;edges-cluster_5284.jpg;;;;;4
5291;421;edges-cluster_5291.jpg;;;;;4
5387;422;edges-cluster_5387.jpg;;;;;4
5397;423;edges-cluster_5397.jpg;;;;;4
5450;424;edges-cluster_5450.jpg;;;;;4
5457;425;edges-cluster_5457.jpg;;;;;4
5461;426;edges-cluster_5461.jpg;;;;;4
5464;427;edges-cluster_5464.jpg;;;;;4
5501;428;edges-cluster_5501.jpg;;;;;4
5536;429;edges-cluster_5536.jpg;;;;;4
5568;430;edges-cluster_5568.jpg;;;;;4
5597;431;edges-cluster_5597.jpg;;;;;4
5621;432;edges-cluster_5621.jpg;;;;;4
5622;433;edges-cluster_5622.jpg;;;;;4
5624;434;edges-cluster_5624.jpg;;;;;4
5639;435;edges-cluster_5639.jpg;;;;;4
5642;436;edges-cluster_5642.jpg;;;;;4
5648;437;edges-cluster_5648.jpg;;;;;4
5662;438;edges-cluster_5662.jpg;;;;;4
5665;439;edges-cluster_5665.jpg;;;;;4
5669;440;edges-cluster_5669.jpg;;;;;4
5670;441;edges-cluster_5670.jpg;;;;;4
5673;442;edges-cluster_5673.jpg;;;;;4
5679;443;edges-cluster_5679.jpg;;;;;4
5681;444;edges-cluster_5681.jpg;;;;;4
5684;445;edges-cluster_5684.jpg;;;;;4
5696;446;edges-cluster_5696.jpg;;;;;4
5703;447;edges-cluster_5703.jpg;;;;;4
5709;448;edges-cluster_5709.jpg;;;;;4
5736;449;edges-cluster_5736.jpg;;;;;4
5745;450;edges-cluster_5745.jpg;;;;;4
5790;451;edges-cluster_5790.jpg;;;;;4
5887;452;edges-cluster_5887.jpg;;;;;4
5889;453;edges-cluster_5889.jpg;;;;;4
5894;454;edges-cluster_5894.jpg;;;;;4
5905;455;edges-cluster_5905.jpg;;;;;4
5907;456;edges-cluster_5907.jpg;;;;;4
5931;457;edges-cluster_5931.jpg;;;;;4
5936;458;edges-cluster_5936.jpg;;;;;4
5945;459;edges-cluster_5945.jpg;;;;;4
5974;460;edges-cluster_5974.jpg;;;;;4
5985;461;edges-cluster_5985.jpg;;;;;4
5987;462;edges-cluster_5987.jpg;;;;;4
5991;463;edges-cluster_5991.jpg;;;;;4
6006;464;edges-cluster_6006.jpg;;;;;4
6011;465;edges-cluster_6011.jpg;;;;;4
6018;466;edges-cluster_6018.jpg;;;;;4
6041;467;edges-cluster_6041.jpg;;;;;4
6057;468;edges-cluster_6057.jpg;;;;;4
6072;469;edges-cluster_6072.jpg;;;;;4
6085;470;edges-cluster_6085.jpg;;;;;4
6096;471;edges-cluster_6096.jpg;;;;;4
6105;472;edges-cluster_6105.jpg;;;;;4
6127;473;edges-cluster_6127.jpg;;;;;4
6150;474;edges-cluster_6150.jpg;;;;;4
6176;475;edges-cluster_6176.jpg;;;;;4
6235;476;edges-cluster_6235.jpg;;;;;4
6351;477;edges-cluster_6351.jpg;;;;;4
6368;478;edges-cluster_6368.jpg;;;;;4
6373;479;edges-cluster_6373.jpg;;;;;4
6376;480;edges-cluster_6376.jpg;;;;;4
6380;481;edges-cluster_6380.jpg;;;;;4
6383;482;edges-cluster_6383.jpg;;;;;4
6405;483;edges-cluster_6405.jpg;;;;;4
6406;484;edges-cluster_6406.jpg;;;;;4
6451;485;edges-cluster_6451.jpg;;;;;4
6460;486;edges-cluster_6460.jpg;;;;;4
6520;487;edges-cluster_6520.jpg;;;;;4
6535;488;edges-cluster_6535.jpg;;;;;4
6541;489;edges-cluster_6541.jpg;;;;;4
6639;490;edges-cluster_6639.jpg;;;;;4
6642;491;edges-cluster_6642.jpg;;;;;4
6648;492;edges-cluster_6648.jpg;;;;;4
6654;493;edges-cluster_6654.jpg;;;;;4
6691;494;edges-cluster_6691.jpg;;;;;4
6715;495;edges-cluster_6715.jpg;;;;;4
6718;496;edges-cluster_6718.jpg;;;;;4
6726;497;edges-cluster_6726.jpg;;;;;4
6741;498;edges-cluster_6741.jpg;;;;;4
6752;499;edges-cluster_6752.jpg;;;;;4
6753;500;edges-cluster_6753.jpg;;;;;4
6882;501;edges-cluster_6882.jpg;;;;;4
6976;502;edges-cluster_6976.jpg;;;;;4
6993;503;edges-cluster_6993.jpg;;;;;4
7041;504;edges-cluster_7041.jpg;;;;;4
7051;505;edges-cluster_7051.jpg;;;;;4
7053;506;edges-cluster_7053.jpg;;;;;4
7061;507;edges-cluster_7061.jpg;;;;;4
7070;508;edges-cluster_7070.jpg;;;;;4
7106;509;edges-cluster_7106.jpg;;;;;4
7114;510;edges-cluster_7114.jpg;;;;;4
7122;511;edges-cluster_7122.jpg;;;;;4
7130;512;edges-cluster_7130.jpg;;;;;4
7133;513;edges-cluster_7133.jpg;;;;;4
7168;514;edges-cluster_7168.jpg;;;;;4
7170;515;edges-cluster_7170.jpg;;;;;4
7181;516;edges-cluster_7181.jpg;;;;;4
7192;517;edges-cluster_7192.jpg;;;;;4
7194;518;edges-cluster_7194.jpg;;;;;4
7201;519;edges-cluster_7201.jpg;;;;;4
7232;520;edges-cluster_7232.jpg;;;;;4
7236;521;edges-cluster_7236.jpg;;;;;4
7257;522;edges-cluster_7257.jpg;;;;;4
7260;523;edges-cluster_7260.jpg;;;;;4
7261;524;edges-cluster_7261.jpg;;;;;4
7283;525;edges-cluster_7283.jpg;;;;;4
7284;526;edges-cluster_7284.jpg;;;;;4
7289;527;edges-cluster_7289.jpg;;;;;4
7328;528;edges-cluster_7328.jpg;;;;;4
7366;529;edges-cluster_7366.jpg;;;;;4
7375;530;edges-cluster_7375.jpg;;;;;4
7376;531;edges-cluster_7376.jpg;;;;;4
7383;532;edges-cluster_7383.jpg;;;;;4
7437;533;edges-cluster_7437.jpg;;;;;4
7446;534;edges-cluster_7446.jpg;;;;;4
7448;535;edges-cluster_7448.jpg;;;;;4
7486;536;edges-cluster_7486.jpg;;;;;4
7523;537;edges-cluster_7523.jpg;;;;;4
7533;538;edges-cluster_7533.jpg;;;;;4
7546;539;edges-cluster_7546.jpg;;;;;4
7549;540;edges-cluster_7549.jpg;;;;;4
7555;541;edges-cluster_7555.jpg;;;;;4
7563;542;edges-cluster_7563.jpg;;;;;4
7569;543;edges-cluster_7569.jpg;;;;;4
7591;544;edges-cluster_7591.jpg;;;;;4
7595;545;edges-cluster_7595.jpg;;;;;4
7616;546;edges-cluster_7616.jpg;;;;;4
7617;547;edges-cluster_7617.jpg;;;;;4
7619;548;edges-cluster_7619.jpg;;;;;4
7622;549;edges-cluster_7622.jpg;;;;;4
7643;550;edges-cluster_7643.jpg;;;;;4
7651;551;edges-cluster_7651.jpg;;;;;4
7661;552;edges-cluster_7661.jpg;;;;;4
7665;553;edges-cluster_7665.jpg;;;;;4
7669;554;edges-cluster_7669.jpg;;;;;4
7670;555;edges-cluster_7670.jpg;;;;;4
7671;556;edges-cluster_7671.jpg;;;;;4
7698;557;edges-cluster_7698.jpg;;;;;4
7714;558;edges-cluster_7714.jpg;;;;;4
7730;559;edges-cluster_7730.jpg;;;;;4
7732;560;edges-cluster_7732.jpg;;;;;4
7733;561;edges-cluster_7733.jpg;;;;;4
7743;562;edges-cluster_7743.jpg;;;;;4
7793;563;edges-cluster_7793.jpg;;;;;4
7794;564;edges-cluster_7794.jpg;;;;;4
7825;565;edges-cluster_7825.jpg;;;;;4
7829;566;edges-cluster_7829.jpg;;;;;4
7833;567;edges-cluster_7833.jpg;;;;;4
7836;568;edges-cluster_7836.jpg;;;;;4
7837;569;edges-cluster_7837.jpg;;;;;4
7843;570;edges-cluster_7843.jpg;;;;;4
7938;571;edges-cluster_7938.jpg;;;;;4
7953;572;edges-cluster_7953.jpg;;;;;4
7963;573;edges-cluster_7963.jpg;;;;;4
7965;574;edges-cluster_7965.jpg;;;;;4
8052;575;edges-cluster_8052.jpg;;;;;4
8092;576;edges-cluster_8092.jpg;;;;;4
8132;577;edges-cluster_8132.jpg;;;;;4
8135;578;edges-cluster_8135.jpg;;;;;4
8178;579;edges-cluster_8178.jpg;;;;;4
8180;580;edges-cluster_8180.jpg;;;;;4
8229;581;edges-cluster_8229.jpg;;;;;4
8327;582;edges-cluster_8327.jpg;;;;;4
8341;583;edges-cluster_8341.jpg;;;;;4
8416;584;edges-cluster_8416.jpg;;;;;4
8437;585;edges-cluster_8437.jpg;;;;;4
8449;586;edges-cluster_8449.jpg;;;;;4
8457;587;edges-cluster_8457.jpg;;;;;4
8468;588;edges-cluster_8468.jpg;;;;;4
8471;589;edges-cluster_8471.jpg;;;;;4
8475;590;edges-cluster_8475.jpg;;;;;4
8492;591;edges-cluster_8492.jpg;;;;;4
8524;592;edges-cluster_8524.jpg;;;;;4
8571;593;edges-cluster_8571.jpg;;;;;4
8594;594;edges-cluster_8594.jpg;;;;;4
8601;595;edges-cluster_8601.jpg;;;;;4
8604;596;edges-cluster_8604.jpg;;;;;4
8630;597;edges-cluster_8630.jpg;;;;;4
8644;598;edges-cluster_8644.jpg;;;;;4
8671;599;edges-cluster_8671.jpg;;;;;4
8673;600;edges-cluster_8673.jpg;;;;;4
8686;601;edges-cluster_8686.jpg;;;;;4
8687;602;edges-cluster_8687.jpg;;;;;4
8688;603;edges-cluster_8688.jpg;;;;;4
8702;604;edges-cluster_8702.jpg;;;;;4
8744;605;edges-cluster_8744.jpg;;;;;4
8781;606;edges-cluster_8781.jpg;;;;;4
8785;607;edges-cluster_8785.jpg;;;;;4
8816;608;edges-cluster_8816.jpg;;;;;4
8817;609;edges-cluster_8817.jpg;;;;;4
8823;610;edges-cluster_8823.jpg;;;;;4
8825;611;edges-cluster_8825.jpg;;;;;4
8826;612;edges-cluster_8826.jpg;;;;;4
8830;613;edges-cluster_8830.jpg;;;;;4
8832;614;edges-cluster_8832.jpg;;;;;4
8845;615;edges-cluster_8845.jpg;;;;;4
8882;616;edges-cluster_8882.jpg;;;;;4
8883;617;edges-cluster_8883.jpg;;;;;4
8887;618;edges-cluster_8887.jpg;;;;;4
8900;619;edges-cluster_8900.jpg;;;;;4
8904;620;edges-cluster_8904.jpg;;;;;4
9022;621;edges-cluster_9022.jpg;;;;;4
9085;622;edges-cluster_9085.jpg;;;;;4
9100;623;edges-cluster_9100.jpg;;;;;4
9127;624;edges-cluster_9127.jpg;;;;;4
9131;625;edges-cluster_9131.jpg;;;;;4
9143;626;edges-cluster_9143.jpg;;;;;4
9172;627;edges-cluster_9172.jpg;;;;;4
9174;628;edges-cluster_9174.jpg;;;;;4
9175;629;edges-cluster_9175.jpg;;;;;4
9206;630;edges-cluster_9206.jpg;;;;;4
9301;631;edges-cluster_9301.jpg;;;;;4
9329;632;edges-cluster_9329.jpg;;;;;4
9330;633;edges-cluster_9330.jpg;;;;;4
9334;634;edges-cluster_9334.jpg;;;;;4
9346;635;edges-cluster_9346.jpg;;;;;4
9350;636;edges-cluster_9350.jpg;;;;;4
9438;637;edges-cluster_9438.jpg;;;;;4
9459;638;edges-cluster_9459.jpg;;;;;4
9460;639;edges-cluster_9460.jpg;;;;;4
9516;640;edges-cluster_9516.jpg;;;;;4
9557;641;edges-cluster_9557.jpg;;;;;4
9564;642;edges-cluster_9564.jpg;;;;;4
9613;643;edges-cluster_9613.jpg;;;;;4
9627;644;edges-cluster_9627.jpg;;;;;4
9631;645;edges-cluster_9631.jpg;;;;;4
9633;646;edges-cluster_9633.jpg;;;;;4
9696;647;edges-cluster_9696.jpg;;;;;4
9712;648;edges-cluster_9712.jpg;;;;;4
9747;649;edges-cluster_9747.jpg;;;;;4
9764;650;edges-cluster_9764.jpg;;;;;4
9769;651;edges-cluster_9769.jpg;;;;;4
9799;652;edges-cluster_9799.jpg;;;;;4
9801;653;edges-cluster_9801.jpg;;;;;4
9811;654;edges-cluster_9811.jpg;;;;;4
9824;655;edges-cluster_9824.jpg;;;;;4
9832;656;edges-cluster_9832.jpg;;;;;4
9879;657;edges-cluster_9879.jpg;;;;;4
9901;658;edges-cluster_9901.jpg;;;;;4
9943;659;edges-cluster_9943.jpg;;;;;4
9984;660;edges-cluster_9984.jpg;;;;;4
10022;661;edges-cluster_10022.jpg;;;;;4
10197;662;edges-cluster_10197.jpg;;;;;4
10299;663;edges-cluster_10299.jpg;;;;;4
10350;664;edges-cluster_10350.jpg;;;;;4
10373;665;edges-cluster_10373.jpg;;;;;4
10384;666;edges-cluster_10384.jpg;;;;;4
10389;667;edges-cluster_10389.jpg;;;;;4
10398;668;edges-cluster_10398.jpg;;;;;4
10413;669;edges-cluster_10413.jpg;;;;;4
10454;670;edges-cluster_10454.jpg;;;;;4
10502;671;edges-cluster_10502.jpg;;;;;4
10537;672;edges-cluster_10537.jpg;;;;;4
10538;673;edges-cluster_10538.jpg;;;;;4
10555;674;edges-cluster_10555.jpg;;;;;4
10610;675;edges-cluster_10610.jpg;;;;;4
10712;676;edges-cluster_10712.jpg;;;;;4
10751;677;edges-cluster_10751.jpg;;;;;4
10795;678;edges-cluster_10795.jpg;;;;;4
10800;679;edges-cluster_10800.jpg;;;;;4
10813;680;edges-cluster_10813.jpg;;;;;4
10830;681;edges-cluster_10830.jpg;;;;;4
10836;682;edges-cluster_10836.jpg;;;;;4
10892;683;edges-cluster_10892.jpg;;;;;4
10906;684;edges-cluster_10906.jpg;;;;;4
10931;685;edges-cluster_10931.jpg;;;;;4
10964;686;edges-cluster_10964.jpg;;;;;4
10971;687;edges-cluster_10971.jpg;;;;;4
10991;688;edges-cluster_10991.jpg;;;;;4
11000;689;edges-cluster_11000.jpg;;;;;4
11026;690;edges-cluster_11026.jpg;;;;;4
11055;691;edges-cluster_11055.jpg;;;;;4
11121;692;edges-cluster_11121.jpg;;;;;4
11161;693;edges-cluster_11161.jpg;;;;;4
11163;694;edges-cluster_11163.jpg;;;;;4
11194;695;edges-cluster_11194.jpg;;;;;4
11290;696;edges-cluster_11290.jpg;;;;;4
11305;697;edges-cluster_11305.jpg;;;;;4
11345;698;edges-cluster_11345.jpg;;;;;4
11367;699;edges-cluster_11367.jpg;;;;;4
11377;700;edges-cluster_11377.jpg;;;;;4
11403;701;edges-cluster_11403.jpg;;;;;4
11420;702;edges-cluster_11420.jpg;;;;;4
11450;703;edges-cluster_11450.jpg;;;;;4
11463;704;edges-cluster_11463.jpg;;;;;4
11495;705;edges-cluster_11495.jpg;;;;;4
11504;706;edges-cluster_11504.jpg;;;;;4
11522;707;edges-cluster_11522.jpg;;;;;4
11548;708;edges-cluster_11548.jpg;;;;;4
11560;709;edges-cluster_11560.jpg;;;;;4
11581;710;edges-cluster_11581.jpg;;;;;4
11587;711;edges-cluster_11587.jpg;;;;;4
11591;712;edges-cluster_11591.jpg;;;;;4
11618;713;edges-cluster_11618.jpg;;;;;4
11672;714;edges-cluster_11672.jpg;;;;;4
11681;715;edges-cluster_11681.jpg;;;;;4
11713;716;edges-cluster_11713.jpg;;;;;4
11732;717;edges-cluster_11732.jpg;;;;;4
11770;718;edges-cluster_11770.jpg;;;;;4
11772;719;edges-cluster_11772.jpg;;;;;4
11782;720;edges-cluster_11782.jpg;;;;;4
11793;721;edges-cluster_11793.jpg;;;;;4
11799;722;edges-cluster_11799.jpg;;;;;4
11806;723;edges-cluster_11806.jpg;;;;;4
11822;724;edges-cluster_11822.jpg;;;;;4
11858;725;edges-cluster_11858.jpg;;;;;4
11859;726;edges-cluster_11859.jpg;;;;;4
11862;727;edges-cluster_11862.jpg;;;;;4
11904;728;edges-cluster_11904.jpg;;;;;4
11930;729;edges-cluster_11930.jpg;;;;;4
11943;730;edges-cluster_11943.jpg;;;;;4
11952;731;edges-cluster_11952.jpg;;;;;4
11975;732;edges-cluster_11975.jpg;;;;;4
11976;733;edges-cluster_11976.jpg;;;;;4
11978;734;edges-cluster_11978.jpg;;;;;4
11983;735;edges-cluster_11983.jpg;;;;;4
12014;736;edges-cluster_12014.jpg;;;;;4
12024;737;edges-cluster_12024.jpg;;;;;4
12047;738;edges-cluster_12047.jpg;;;;;4
12071;739;edges-cluster_12071.jpg;;;;;4
12081;740;edges-cluster_12081.jpg;;;;;4
12094;741;edges-cluster_12094.jpg;;;;;4
12117;742;edges-cluster_12117.jpg;;;;;4
12143;743;edges-cluster_12143.jpg;;;;;4
12145;744;edges-cluster_12145.jpg;;;;;4
12170;745;edges-cluster_12170.jpg;;;;;4
12178;746;edges-cluster_12178.jpg;;;;;4
12196;747;edges-cluster_12196.jpg;;;;;4
12198;748;edges-cluster_12198.jpg;;;;;4
12212;749;edges-cluster_12212.jpg;;;;;4
12306;750;edges-cluster_12306.jpg;;;;;4
12324;751;edges-cluster_12324.jpg;;;;;4
12338;752;edges-cluster_12338.jpg;;;;;4
12342;753;edges-cluster_12342.jpg;;;;;4
12380;754;edges-cluster_12380.jpg;;;;;4
12386;755;edges-cluster_12386.jpg;;;;;4
12392;756;edges-cluster_12392.jpg;;;;;4
12411;757;edges-cluster_12411.jpg;;;;;4
12437;758;edges-cluster_12437.jpg;;;;;4
12465;759;edges-cluster_12465.jpg;;;;;4
12477;760;edges-cluster_12477.jpg;;;;;4
12492;761;edges-cluster_12492.jpg;;;;;4
12494;762;edges-cluster_12494.jpg;;;;;4
12497;763;edges-cluster_12497.jpg;;;;;4
12506;764;edges-cluster_12506.jpg;;;;;4
12514;765;edges-cluster_12514.jpg;;;;;4
12540;766;edges-cluster_12540.jpg;;;;;4
12548;767;edges-cluster_12548.jpg;;;;;4
12588;768;edges-cluster_12588.jpg;;;;;4
12613;769;edges-cluster_12613.jpg;;;;;4
12656;770;edges-cluster_12656.jpg;;;;;4
12664;771;edges-cluster_12664.jpg;;;;;4
12779;772;edges-cluster_12779.jpg;;;;;4
12805;773;edges-cluster_12805.jpg;;;;;4
12821;774;edges-cluster_12821.jpg;;;;;4
12841;775;edges-cluster_12841.jpg;;;;;4
12853;776;edges-cluster_12853.jpg;;;;;4
12870;777;edges-cluster_12870.jpg;;;;;4
12872;778;edges-cluster_12872.jpg;;;;;4
12891;779;edges-cluster_12891.jpg;;;;;4
12902;780;edges-cluster_12902.jpg;;;;;4
12904;781;edges-cluster_12904.jpg;;;;;4
12959;782;edges-cluster_12959.jpg;;;;;4
12961;783;edges-cluster_12961.jpg;;;;;4
12982;784;edges-cluster_12982.jpg;;;;;4
13003;785;edges-cluster_13003.jpg;;;;;4
13004;786;edges-cluster_13004.jpg;;;;;4
13008;787;edges-cluster_13008.jpg;;;;;4
13032;788;edges-cluster_13032.jpg;;;;;4
13034;789;edges-cluster_13034.jpg;;;;;4
13043;790;edges-cluster_13043.jpg;;;;;4
13045;791;edges-cluster_13045.jpg;;;;;4
13054;792;edges-cluster_13054.jpg;;;;;4
13057;793;edges-cluster_13057.jpg;;;;;4
13065;794;edges-cluster_13065.jpg;;;;;4
13068;795;edges-cluster_13068.jpg;;;;;4
13077;796;edges-cluster_13077.jpg;;;;;4
13083;797;edges-cluster_13083.jpg;;;;;4
13084;798;edges-cluster_13084.jpg;;;;;4
13085;799;edges-cluster_13085.jpg;;;;;4
13105;800;edges-cluster_13105.jpg;;;;;4
13127;801;edges-cluster_13127.jpg;;;;;4
13146;802;edges-cluster_13146.jpg;;;;;4
13156;803;edges-cluster_13156.jpg;;;;;4
13168;804;edges-cluster_13168.jpg;;;;;4
13170;805;edges-cluster_13170.jpg;;;;;4
13185;806;edges-cluster_13185.jpg;;;;;4
13188;807;edges-cluster_13188.jpg;;;;;4
13189;808;edges-cluster_13189.jpg;;;;;4
13194;809;edges-cluster_13194.jpg;;;;;4
13201;810;edges-cluster_13201.jpg;;;;;4
13203;811;edges-cluster_13203.jpg;;;;;4
13219;812;edges-cluster_13219.jpg;;;;;4
13266;813;edges-cluster_13266.jpg;;;;;4
13286;814;edges-cluster_13286.jpg;;;;;4
13291;815;edges-cluster_13291.jpg;;;;;4
13310;816;edges-cluster_13310.jpg;;;;;4
13319;817;edges-cluster_13319.jpg;;;;;4
